idx,scm_COR_R,scm_IDM_R,scm_ENT_R,scm_CSD_R,scm_CSR_R,scm_DKL_R,scm_MDR_R,scm_CAD_R,Freq_Rated,Freq_Gen,CC_bus,Power,I_R_rms,I_S_rms,I_T_rms,Load,Class
28.0,0.4525839338055421,0.7601903516640571,2.17379271294076,0.223799176833728,0.943328476997174,0.0,1.0,1.0,45.0,44.33,260.0,0.21,1.71832170064317,1.5463047273039,1.52051690943366,0.0,6.0
107.0,0.447407109400459,0.7615102270823499,2.16299149254578,0.23517349912802,0.911015695779382,0.0,1.0,1.0,52.5,51.79,270.0,0.23,1.66130912798584,1.54504737719183,1.6063301090556898,0.0,3.0
174.0,0.44985804429217296,0.725005437540782,2.41032865691239,0.29309991712870503,0.848866487515917,0.0,1.0,1.0,57.5,56.6,358.0,0.42,2.64021239441821,2.6113461832033,2.71988829647812,0.0,1.0
95.0,0.4530445651106379,0.776662835130014,2.08732892769062,0.207696620484024,0.9374386605576692,0.0,1.0,1.0,50.0,49.36,230.0,0.16,1.4704481834459902,1.3261851817707802,1.29143121720995,0.0,6.0
246.0,0.36818356534237295,0.7025037232697329,2.48796554200494,0.34074222768834395,0.500462591129216,0.0,1.0,1.0,60.0,59.53,231.0,0.13,1.30497770839758,1.31157532496287,1.32084357656623,0.0,1.0
49.0,0.44630251187161496,0.739480884419138,2.36845680579724,0.26660914521623297,0.863466056110261,0.0,1.0,1.0,52.5,51.51,296.0,0.33,2.41998073074248,1.89335725215644,1.76066985102995,0.0,7.0
69.0,0.472109314829209,0.7457788914742559,2.3654279431237097,0.253834443527771,0.8586872559683401,0.0,1.0,1.0,50.0,49.01,342.0,0.4,2.4491011062703,2.32115476017961,2.44574743597823,0.0,3.0
105.0,0.44949571578085495,0.779496133699177,2.02645585252849,0.21066494085669604,0.950430523429124,0.0,1.0,1.0,52.5,51.96,245.0,0.17,1.3890404183108702,1.39286787298947,1.40307565459441,0.0,2.0
107.0,0.44359467021851706,0.744612726920729,2.27558506331809,0.260111958213814,0.8878928747673971,0.0,1.0,1.0,52.5,51.65,280.0,0.22,1.82803824773762,1.6169984775778,1.72250009543299,0.0,4.0
139.0,0.428085112855239,0.8119651179785308,1.79101727390504,0.180556183931358,0.969988409861126,0.0,1.0,1.0,55.0,54.5,215.0,0.13,1.23175613849249,1.23534405027523,1.2449960786856002,0.0,2.0
199.0,0.3929782867078,0.7744493665004181,1.94207008508418,0.24759175117976104,0.9269034557981728,0.0,1.0,1.0,60.0,59.24,306.0,0.28,2.13952196419266,1.89583273818374,1.86596476997936,0.0,6.0
27.0,0.4575084097365461,0.7915274897497191,1.98046839065999,0.187903276416207,0.969889973996702,0.0,1.0,1.0,45.0,44.47,210.0,0.12,1.18398103499212,1.1958681833032,1.19918379074125,0.0,2.0
36.0,0.467452086955152,0.73827980804725,2.4031052098593904,0.257032988554428,0.838698087370933,0.0,1.0,1.0,47.5,46.46,356.0,0.48,2.6240117055791097,2.62367821559686,2.68987280624155,0.0,2.0
56.0,0.4800241986616571,0.763673575366945,2.22686106543158,0.22279052283935896,0.914133966379382,0.0,1.0,1.0,47.5,46.76,255.0,0.17,1.6263021765219,1.45580472187718,1.53069351025765,0.0,4.0
127.0,0.435421297947621,0.7356727727506809,2.29717072335121,0.27433819126602,0.882755085366841,0.0,1.0,1.0,55.0,54.68,318.0,0.29,2.09435043924256,1.961426708291,2.06755905175883,0.0,3.0
193.0,0.400977108578805,0.745267551050828,2.08349130892764,0.28266725476869103,0.927444634954596,0.0,1.0,1.0,60.0,59.34,322.0,0.31,2.0236311788123302,1.99809402699928,2.0449348239138003,0.0,2.0
55.0,0.463284840762853,0.760896031166302,2.20408553324833,0.23137197817667304,0.9178678849946328,0.0,1.0,1.0,47.5,46.69,300.0,0.29,2.09064283650466,1.8638987717631,1.8661533339892,0.0,6.0
108.0,0.36893405468631496,0.700859253444723,2.32817938864249,0.333331005858109,0.864706303733309,0.0,1.0,1.0,60.0,58.89,325.0,0.41,2.88777389177918,2.22925428106501,2.07305426732791,0.0,7.0
81.0,0.454355369039799,0.7257104705506692,2.42525340866862,0.284936006322891,0.864636507513854,0.0,1.0,1.0,52.5,51.27,373.0,0.56,3.01377981221762,2.98753010323744,3.05768630171034,0.0,5.0
216.0,0.446953884784952,0.653475181012625,2.86050562168013,0.409717457329951,0.2467971529916,0.0,1.0,1.0,60.0,59.2,345.0,0.36,2.41890977631769,2.38823184752892,2.4736221136379104,0.0,1.0
88.0,0.452512084006557,0.7401705352913299,2.37075011409832,0.266252254981395,0.8694545795167059,0.0,1.0,1.0,52.5,51.38,359.0,0.48,2.75470850006708,2.61437087267207,2.7519471434915697,0.0,3.0
67.0,0.464354242237435,0.727632574655102,2.47520430359065,0.2784758577592,0.836940028024852,0.0,1.0,1.0,50.0,48.83,337.0,0.37,2.50044422182432,2.22128475288729,2.41484280264046,0.0,4.0
41.0,0.471279347681592,0.7356944219648929,2.4364468072099,0.258026405135178,0.8246491185976871,0.0,1.0,1.0,47.5,46.45,344.0,0.41,2.4934603192711,2.36906306839698,2.49679393245287,0.0,3.0
233.0,0.4311936388790821,0.675785262474996,2.70665283146874,0.379577253802827,0.3301378828180431,0.0,1.0,1.0,60.0,59.39,304.0,0.24,1.88313844170297,1.8637616833346295,1.91450246164354,0.0,1.0
175.0,0.37418839761599,0.727230415684906,2.23488194128093,0.303259916078293,0.912336320755265,0.0,1.0,1.0,60.0,58.98,368.0,0.47,2.86176155480697,2.84168191544078,2.93623042107701,0.0,2.0
137.0,0.4695228254065061,0.715051841258491,2.50768943608715,0.299720299809881,0.8098617480073,0.0,1.0,1.0,55.0,53.97,368.0,0.5,2.8322724420571803,2.83302915801928,2.914860733839069,0.0,1.0
79.0,0.4711834700172121,0.720751888369948,2.52178624533445,0.28352278667816805,0.810044577693125,0.0,1.0,1.0,50.0,49.09,353.0,0.44,2.54365801542145,2.54578081848181,2.62354241570956,0.0,1.0
167.0,0.412403513773233,0.7367676529529649,2.2362063623967403,0.281569396899072,0.9002485641361531,0.0,1.0,1.0,57.5,56.64,327.0,0.35,2.38201214089043,2.1057742256957,2.11696635464138,0.0,6.0
143.0,0.4162114969067121,0.717648409691124,2.38728497938601,0.306762464806175,0.8658870617604629,0.0,1.0,1.0,57.5,56.46,339.0,0.37,2.48293314144197,2.23853971020536,2.42232788346204,0.0,4.0
21.0,0.487300267636594,0.777931635367884,2.17758047608537,0.20590533790171306,0.922316815810315,0.0,1.0,1.0,45.0,44.35,285.0,0.25,1.72359368641018,1.7144372052709698,1.73477206624816,0.0,5.0
71.0,0.465723386055028,0.7429310114262792,2.3589499490998,0.254133991934101,0.8698989941943571,0.0,1.0,1.0,50.0,49.07,336.0,0.37,2.33141039288713,2.20805457147418,2.32519564029567,0.0,3.0
48.0,0.475422377001839,0.767942987912578,2.22981017388801,0.218268414707102,0.876585681515527,0.0,1.0,1.0,47.5,46.9,271.0,0.22,1.6008908148531005,1.59517066095844,1.61059396135136,0.0,5.0
13.0,0.472978553796381,0.741223908918406,2.3891470760337,0.24873482940581,0.851479285901179,0.0,1.0,1.0,45.0,44.11,339.0,0.41,2.34417887770279,2.32798619058321,2.39666331002344,0.0,5.0
70.0,0.466435666894278,0.7447014491890199,2.3544667443710097,0.25525747358113005,0.874642129133527,0.0,1.0,1.0,50.0,48.86,355.0,0.49,2.97096688244969,2.61760233772787,2.67613809202973,0.0,6.0
179.0,0.447941237163116,0.717421872758057,2.43940013888471,0.299932208379659,0.8049603514442879,0.0,1.0,1.0,57.5,56.7,344.0,0.38,2.43920139068932,2.4196090864356803,2.50878098929422,0.0,1.0
2.0,0.479116531208418,0.7345703498024009,2.4865273208133,0.257518515151029,0.79285615949903,0.0,1.0,1.0,45.0,43.72,373.0,0.6,3.01260276218669,3.0198015026580203,3.0734346124125,0.0,2.0
166.0,0.4730538902454861,0.7215631945045741,2.5075956406528,0.299082588335528,0.8051077059816679,0.0,1.0,1.0,57.5,56.44,374.0,0.52,2.98950091094871,2.9691498520577206,3.07656400012759,0.0,1.0
127.0,0.4339059486655621,0.7303214875188051,2.34030979230777,0.277838766240406,0.8889857581532291,0.0,1.0,1.0,55.0,54.26,323.0,0.32,2.10063472449894,2.07959283239205,2.13336035900684,0.0,2.0
43.0,0.478467258020452,0.74075171484022,2.40049493660571,0.256845259265092,0.8203514011556321,0.0,1.0,1.0,47.5,46.5,317.0,0.32,2.2117587658016897,1.98479373801895,2.13078478247236,0.0,4.0
132.0,0.440258536654579,0.759670606824881,2.15836289491369,0.24225755936222304,0.92829812093601,0.0,1.0,1.0,55.0,54.36,297.0,0.26,1.80421280993272,1.7893750813175602,1.82456550201602,0.0,2.0
74.0,0.422350116697735,0.74640234071774,2.20508580935511,0.261171704707026,0.908134204288232,0.0,1.0,1.0,55.0,54.12,281.0,0.21,1.9179246475689296,1.53621943898748,1.37863297354211,0.0,7.0
20.0,0.473957014204721,0.771652571146366,2.1823086635454603,0.215459688239137,0.919568488334067,0.0,1.0,1.0,45.0,44.32,297.0,0.28,1.82151580998833,1.80959454840476,1.83428170678015,0.0,5.0
201.0,0.353040006475707,0.733030347456384,2.06081990864559,0.284242876292062,0.913535207138434,0.0,1.0,1.0,60.0,59.5,245.0,0.15,1.40651716610088,1.40893116405201,1.41787441821051,0.0,2.0
63.0,0.461589782968875,0.75412506410063,2.3207430394219504,0.242525985833661,0.869901175108148,0.0,1.0,1.0,50.0,48.99,357.0,0.47,2.6448397032246,2.6386431899507,2.7135755947627,0.0,2.0
124.0,0.4438168802158421,0.7533070178081779,2.22580742148762,0.25316663359972,0.907843757527359,0.0,1.0,1.0,55.0,54.29,315.0,0.3,2.0051547212642697,1.97299051864021,2.01465256797062,0.0,5.0
104.0,0.4381662131574471,0.743218134522482,2.29399670051582,0.267439994233667,0.8871965253511309,0.0,1.0,1.0,52.5,51.59,299.0,0.25,1.99422459661948,1.76398813382173,1.8934052060930904,0.0,4.0
189.0,0.459106056052123,0.731432583858746,2.39237108037168,0.27987450741943704,0.880869988796316,0.0,1.0,1.0,57.5,56.9,303.0,0.25,1.8701356569307896,1.85419660264016,1.90031389680942,0.0,1.0
225.0,0.436873548158766,0.660720185001652,2.81090585599854,0.399340550057901,0.297126218474603,0.0,1.0,1.0,60.0,59.3,327.0,0.31,2.14647487989459,2.11732726748572,2.18234567623362,0.0,1.0
52.0,0.454685748541573,0.7664127285825959,2.16036204002046,0.234483386148355,0.9117931766405308,0.0,1.0,1.0,47.5,46.63,317.0,0.33,2.29138246976837,2.04480254285915,2.0493416920591296,0.0,6.0
3.0,0.481944805124736,0.7433065247446741,2.37866892815256,0.245732717963148,0.863106041163664,0.0,1.0,1.0,45.0,43.81,370.0,0.58,2.97905556290464,2.95997271232726,3.01766751779053,0.0,5.0
89.0,0.455594630946986,0.729671356021248,2.41177603789632,0.27554128523793897,0.8601057837177031,0.0,1.0,1.0,52.5,51.4,356.0,0.47,2.7031272433024403,2.5644590917694,2.70245284272353,0.0,3.0
87.0,0.471893479797531,0.736095162382593,2.4270713134156,0.261232114912529,0.8683514273945101,0.0,1.0,1.0,50.0,49.26,327.0,0.34,2.12888167352504,2.12652488715704,2.18074919404825,0.0,1.0
59.0,0.453785562570092,0.7530120481927709,2.24750717839708,0.234901717623397,0.931318553076217,0.0,1.0,1.0,47.5,46.77,280.0,0.23,1.88336634920933,1.68605327432743,1.6645134565818798,0.0,6.0
125.0,0.42069784267974,0.780311188101815,1.88238775427004,0.23961936587882104,0.9311996217601012,0.0,1.0,1.0,60.0,59.23,230.0,0.18,1.72942292258287,1.4189082075567,1.2196737055934,0.0,7.0
145.0,0.40322329341061103,0.7114905727499109,2.3963022509560097,0.315533780701463,0.885039553827016,0.0,1.0,1.0,57.5,56.5,333.0,0.35,2.38249061972398,2.14082895702046,2.3157572943604703,0.0,4.0
174.0,0.3936712269294029,0.7612087995737231,2.01807342544864,0.258291693270506,0.9004159867220249,0.0,1.0,1.0,60.0,59.27,302.0,0.24,1.9366261362718704,1.81184718654686,1.8926033340783104,0.0,3.0
140.0,0.409978369092231,0.708968450903935,2.3882850954502697,0.31020798540973604,0.860366486340812,0.0,1.0,1.0,57.5,56.38,363.0,0.47,2.82408164073228,2.70236223776826,2.85047002357086,0.0,3.0
82.0,0.461211671688245,0.7612319778329251,2.2405194175264,0.236757120051645,0.9073206670142429,0.0,1.0,1.0,50.0,49.1,322.0,0.34,2.35656283788377,2.08999693810311,2.1064784727588504,0.0,6.0
119.0,0.434366424903553,0.7236937328122741,2.40403111989048,0.2926406746003,0.843616961121445,0.0,1.0,1.0,55.0,54.49,352.0,0.45,2.61490979538313,2.4831509634937,2.62881376580478,0.0,3.0
172.0,0.388083214140197,0.761695839617324,2.03853197450152,0.258555571406562,0.908780416753362,0.0,1.0,1.0,60.0,59.39,305.0,0.27,1.90222233224068,1.8716886342783896,1.9005312829659096,0.0,5.0
91.0,0.4454391731645629,0.724427702115329,2.4662320393103103,0.2867536210258,0.8391456208307929,0.0,1.0,1.0,52.5,51.33,348.0,0.41,2.64909532125413,2.38786436212007,2.5901803149074905,0.0,4.0
147.0,0.408045700467344,0.7148678209399091,2.34447524040061,0.301660073197326,0.901149234108409,0.0,1.0,1.0,57.5,56.8,314.0,0.29,1.997797652374,1.96701465100468,2.00414994398358,0.0,5.0
122.0,0.42628109702287,0.7219174126479929,2.39656369238231,0.291489700634248,0.8734565114483741,0.0,1.0,1.0,55.0,54.55,341.0,0.37,2.43395842557396,2.28234578423042,2.42065816659538,0.0,3.0
181.0,0.378875485353776,0.768497740616643,1.93795284184145,0.23352063843902496,0.9734658900326212,0.0,1.0,1.0,57.5,56.92,215.0,0.13,1.3455202993254598,1.22444456258278,1.18239846816454,0.0,6.0
163.0,0.406128200209538,0.715072293808904,2.3649477183320498,0.304298659592782,0.8869488239901508,0.0,1.0,1.0,57.5,56.56,338.0,0.38,2.59575563370641,2.2952047310959,2.3216983168857404,0.0,6.0
7.0,0.44308476649004,0.7261425853580609,2.42523495860876,0.27243647065923,0.854937443265122,0.0,1.0,1.0,45.0,43.91,351.0,0.46,2.6480077009193104,2.5287449278422,2.6542426138428,0.0,3.0
98.0,0.477132342347664,0.7679783737289959,2.2125642344099,0.220662891260757,0.9155397617512092,0.0,1.0,1.0,50.0,49.48,235.0,0.15,1.35834256002285,1.3742192006126202,1.3793204870181497,0.0,1.0
161.0,0.4189085459054871,0.725594624795019,2.2873351295596,0.294498253380394,0.8992771660194241,0.0,1.0,1.0,57.5,56.85,314.0,0.28,1.97620648738894,1.96018175467458,2.00505907897304,0.0,2.0
3.0,0.499384153719924,0.7421040132985041,2.4620208985813,0.258332097543507,0.8116977662441001,0.0,1.0,1.0,45.0,43.89,367.0,0.55,2.8513837836455203,2.86389002144165,2.9354144357107206,0.0,1.0
134.0,0.424659323149269,0.7190003019801271,2.3699300704233903,0.302362045278713,0.88756601514269,0.0,1.0,1.0,57.5,56.38,371.0,0.52,2.95946193333974,2.9190537938526497,3.00726470903622,0.0,5.0
144.0,0.421320688044616,0.7358243440125971,2.25415906162838,0.28119374256514,0.9069551513063828,0.0,1.0,1.0,57.5,56.71,333.0,0.35,2.25139319820549,2.21874909044506,2.27239691062934,0.0,5.0
181.0,0.343352579787349,0.71128814282666,2.1733178455182003,0.319840604896006,0.928646323497227,0.0,1.0,1.0,60.0,59.28,249.0,0.16,1.57196634335791,1.4061711403931298,1.47400783666988,0.0,4.0
177.0,0.392854411636139,0.786225332180202,1.8318156180391896,0.216194766016534,0.958441453961458,0.0,1.0,1.0,60.0,59.54,215.0,0.13,1.23359354085103,1.2282788324408602,1.22982109620075,0.0,5.0
44.0,0.473388117819175,0.734710670937784,2.4207519892493,0.267005733453202,0.848166755120693,0.0,1.0,1.0,47.5,46.52,315.0,0.31,2.1719758882982,1.94781160413578,2.08844795977402,0.0,4.0
22.0,0.481807204851932,0.774209532067759,2.16817501004209,0.20932911364582504,0.927777801048104,0.0,1.0,1.0,45.0,44.38,275.0,0.23,1.63524076439747,1.62695447955125,1.64411306747121,0.0,5.0
84.0,0.420073258342921,0.719538344198362,2.38720511276798,0.29663358569968795,0.821890826127328,0.0,1.0,1.0,57.5,56.38,327.0,0.42,2.93547721262357,2.2500814685628,2.14377623182185,0.0,7.0
107.0,0.437128200831043,0.7469821919445441,2.26464275579714,0.26015818834985505,0.897559719779383,0.0,1.0,1.0,52.5,51.53,336.0,0.39,2.55166187437007,2.26286017732574,2.28102400843535,0.0,6.0
111.0,0.446877473331868,0.741938834562479,2.2892791978006404,0.255889558844959,0.9257906726560172,0.0,1.0,1.0,52.5,51.61,322.0,0.34,2.3443482122932,2.08304588354299,2.10519182081105,0.0,6.0
128.0,0.427567732761198,0.7289161017566881,2.35274383992082,0.27619840352281,0.88185108346987,0.0,1.0,1.0,55.0,54.28,318.0,0.3,2.0322739123679,2.01139703307326,2.06160433799982,0.0,2.0
1.0,0.4858670427365179,0.753818088618854,2.3241514001739,0.244087724440828,0.84567116549372,0.0,1.0,1.0,45.0,43.75,374.0,0.6,3.07604412624126,3.06185372143614,3.1102579091756897,0.0,5.0
33.0,0.438194466223201,0.7371043592351809,2.29999177322256,0.26032729579496,0.904954830271954,0.0,1.0,1.0,50.0,49.13,249.0,0.22,1.89902768252897,1.52123390819138,1.38291556810872,0.0,7.0
198.0,0.392623474793381,0.7530120481927709,2.0519947636831497,0.269458721987785,0.9137384357121,0.0,1.0,1.0,60.0,59.22,310.0,0.29,2.19898842929932,1.9429160151052296,1.92231845838588,0.0,6.0
150.0,0.414958952349344,0.7457788914742559,2.14713568514996,0.268276076048901,0.926504573110622,0.0,1.0,1.0,57.5,56.89,288.0,0.22,1.7349589572557802,1.71679205547123,1.73846034721401,0.0,5.0
58.0,0.4262405058837659,0.762299705752314,2.09721610920958,0.236203502696624,0.9532716646142,0.0,1.0,1.0,52.5,51.71,214.0,0.15,1.59854484298192,1.3123486082736298,1.15361575888898,0.0,7.0
1.0,0.459885604436617,0.7443134452780749,2.39633318364897,0.245533638855803,0.87054300978627,0.0,1.0,1.0,45.0,43.79,352.0,0.49,2.9686315590755297,2.61847466168056,2.69854826958521,0.0,6.0
54.0,0.442302084318716,0.740543262537397,2.29671363016094,0.26319421552747896,0.909152177913046,0.0,1.0,1.0,52.5,51.61,264.0,0.24,2.0335620114389097,1.62960579365127,1.4707553170351395,0.0,7.0
72.0,0.469796166145243,0.754637245875907,2.2686923715716203,0.250538329743253,0.883264840888448,0.0,1.0,1.0,50.0,49.09,332.0,0.36,2.29954547747265,2.17762914915635,2.29667451278546,0.0,3.0
160.0,0.388837945953098,0.7266491302009911,2.24370908793579,0.305556661752431,0.898228994563477,0.0,1.0,1.0,60.0,59.03,366.0,0.47,2.85173396699738,2.80763095531097,2.89882924826865,0.0,5.0
40.0,0.458692852065835,0.7330410942837461,2.4251342960733,0.27821214305693703,0.8425724176711009,0.0,1.0,1.0,52.5,51.33,326.0,0.42,2.90610459797128,2.234967990668609,2.15857149458091,0.0,7.0
22.0,0.4793633432278029,0.7838587800021949,2.10719931410652,0.208379069401062,0.917932633733824,0.0,1.0,1.0,45.0,44.21,296.0,0.28,2.0525526557022102,1.83899633433732,1.83466076151057,0.0,6.0
221.0,0.4425931344832461,0.662734442308967,2.7868449018969703,0.400599840758148,0.243121277742972,0.0,1.0,1.0,60.0,59.26,335.0,0.32,2.25088686549508,2.22021162385098,2.2925651307325,0.0,1.0
28.0,0.4623841174520779,0.747384155455904,2.34514838199244,0.24921987397984505,0.872848504501631,0.0,1.0,1.0,50.0,49.03,289.0,0.3,2.32368497514667,1.82137152628317,1.69933472556975,0.0,7.0
91.0,0.458091752124618,0.7437819826252529,2.33319321905378,0.258038362691011,0.8842013004541279,0.0,1.0,1.0,52.5,51.64,342.0,0.4,2.3674054168177,2.34024916693089,2.42498947281164,0.0,2.0
193.0,0.45388144553422,0.74433560603805,2.2744209605997403,0.262778009816356,0.8194537353829642,0.0,1.0,1.0,57.5,56.98,272.0,0.21,1.60163735766803,1.599219541825,1.6261949182022,0.0,1.0
14.0,0.451577598863599,0.7436713567540241,2.3716962399159702,0.244784038217978,0.875193927454841,0.0,1.0,1.0,45.0,44.05,326.0,0.38,2.44080890363258,2.1717461620416696,2.19568466688585,0.0,6.0
164.0,0.422235404688075,0.755366881694438,2.10948230494845,0.26188776491130394,0.9002909714690329,0.0,1.0,1.0,57.5,56.91,296.0,0.26,1.79007638290003,1.78169024179604,1.81409433722514,0.0,2.0
167.0,0.3933242895983689,0.716435019343746,2.30142307538665,0.312549834188877,0.830967467479375,0.0,1.0,1.0,60.0,58.98,332.0,0.32,2.39678157687698,2.1279496961711297,2.30795215302136,0.0,4.0
86.0,0.4627789837137871,0.734289868268397,2.41849560214164,0.26809282535129303,0.8488369186265509,0.0,1.0,1.0,52.5,51.34,362.0,0.48,2.83314141686826,2.689377748683229,2.82646714519611,0.0,3.0
131.0,0.417515884462654,0.731753720967672,2.26217778611852,0.274089060988701,0.921771017975712,0.0,1.0,1.0,55.0,54.8,269.0,0.22,1.65726679618978,1.53854521729847,1.6001989154801002,0.0,3.0
99.0,0.43830415650996296,0.7291924922341,2.41168543447308,0.279800770349574,0.8633101919641272,0.0,1.0,1.0,52.5,51.49,322.0,0.31,2.24973234737371,2.01395432149313,2.17916628980808,0.0,4.0
93.0,0.4513444553954989,0.730876613410123,2.4224697238390096,0.282954816410798,0.8394713207368499,0.0,1.0,1.0,52.5,51.37,344.0,0.39,2.56962684766758,2.31770792163584,2.51237561081269,0.0,4.0
133.0,0.432622555869034,0.751551954786634,2.20902225842526,0.260175873014086,0.921414455804197,0.0,1.0,1.0,55.0,54.2,273.0,0.2,1.7510390814079198,1.55027228360848,1.64416637544689,0.0,4.0
71.0,0.415149061032251,0.701193431219937,2.4799856320474,0.318539183911997,0.858077284727222,0.0,1.0,1.0,55.0,54.06,298.0,0.33,2.42750938627986,1.90557623042483,1.75241647869201,0.0,7.0
75.0,0.45772724299893,0.7489963448978371,2.2512352921996697,0.24558216140921696,0.922529924803143,0.0,1.0,1.0,50.0,49.35,294.0,0.27,1.78380153410155,1.77651539462536,1.8083150344298,0.0,2.0
54.0,0.482994755467516,0.748458176157116,2.3173554442214,0.244817830286416,0.8647530415183,0.0,1.0,1.0,47.5,46.72,271.0,0.21,1.75289724018592,1.5687813492420302,1.6543593618352,0.0,4.0
243.0,0.4371050379883061,0.6814124316884039,2.66717805710594,0.374840214704914,0.364581538862553,0.0,1.0,1.0,60.0,59.49,256.0,0.16,1.48420527817255,1.48851112484377,1.50365406534308,0.0,1.0
57.0,0.489357688649766,0.75402271116406,2.35061067564111,0.239936883113134,0.866645035625103,0.0,1.0,1.0,47.5,46.81,311.0,0.3,1.95133259579842,1.95234420287552,1.99084417501645,0.0,1.0
142.0,0.436399452193367,0.7270929370192091,2.3669146915328,0.293464683687286,0.8679619081330309,0.0,1.0,1.0,57.5,56.47,368.0,0.51,2.8726584116063303,2.85025872825526,2.94683269125489,0.0,2.0
157.0,0.427407022003592,0.736583138138802,2.2696516286299904,0.2790491388745661,0.8653947100373169,0.0,1.0,1.0,57.5,56.77,323.0,0.35,2.2182706580369103,2.19859845065591,2.26011809520043,0.0,2.0
102.0,0.476319201370314,0.728268468888371,2.50723869672551,0.275965753834033,0.82513309734247,0.0,1.0,1.0,52.5,51.39,372.0,0.54,2.94238742640768,2.94701868848988,3.0238079148742205,0.0,1.0
93.0,0.44397988588374704,0.729756553213848,2.38148299222744,0.271240225361974,0.875431435719312,0.0,1.0,1.0,52.5,51.66,337.0,0.38,2.30741401292904,2.27592341681485,2.34338763567847,0.0,5.0
64.0,0.503063218240506,0.778888992740755,2.17732656032415,0.20791246922888895,0.9076977416588872,0.0,1.0,1.0,47.5,46.95,252.0,0.18,1.45425314498627,1.46928811817512,1.47728002815987,0.0,1.0
167.0,0.399712859139967,0.761719047546503,2.04358752885283,0.249120978577424,0.9554145927866908,0.0,1.0,1.0,57.5,56.97,265.0,0.19,1.54179641730913,1.5438359733116298,1.56076404540878,0.0,2.0
106.0,0.403128421107392,0.7485366109256401,2.11625428861795,0.25992840696717395,0.906238208030086,0.0,1.0,1.0,57.5,56.82,215.0,0.16,1.574931900943,1.317691571148,1.13135873755655,0.0,7.0
63.0,0.4729957194187321,0.732879924953096,2.49023871096375,0.269889001556603,0.808749895382057,0.0,1.0,1.0,50.0,48.75,352.0,0.45,2.7338177801397903,2.47093291528697,2.67293897819592,0.0,4.0
21.0,0.472836488293565,0.7515519547866351,2.31694378803562,0.2469232538720089,0.863579304443775,0.0,1.0,1.0,45.0,44.12,289.0,0.25,1.89909135788183,1.70733012660539,1.81176740628655,0.0,4.0
89.0,0.4502930846325239,0.7795690542268241,2.03748292070705,0.21782631286282605,0.949764999059669,0.0,1.0,1.0,50.0,49.27,215.0,0.14,1.42873411735219,1.2797857507031498,1.3398369825096998,0.0,4.0
96.0,0.462062463342664,0.737202170323189,2.36852443713985,0.2588638557415689,0.8826712924171091,0.0,1.0,1.0,50.0,49.44,268.0,0.2,1.54728000356534,1.56063246989425,1.57475295315501,0.0,1.0
120.0,0.438693160583895,0.7335465508641179,2.35331283635537,0.278138657433008,0.882980789812646,0.0,1.0,1.0,55.0,54.12,348.0,0.4,2.4647847518919903,2.43709408076891,2.52607455044537,0.0,2.0
105.0,0.40518306059248,0.767931193365075,2.02381954181073,0.240067379820122,0.94467269177964,0.0,1.0,1.0,57.5,56.8,226.0,0.17,1.6679575867389398,1.3876460599777298,1.19415910665374,0.0,7.0
114.0,0.4680563373214939,0.723431961224047,2.4974270250765898,0.283750879894181,0.8240463725472801,0.0,1.0,1.0,52.5,51.63,349.0,0.42,2.46306587799746,2.455108973084509,2.53552323889427,0.0,1.0
14.0,0.4764184301437141,0.7460459564309159,2.3518716099137897,0.24406890921821695,0.871243672473859,0.0,1.0,1.0,45.0,44.14,334.0,0.39,2.271001197383,2.25839646578834,2.31838107310806,0.0,5.0
26.0,0.472227912010984,0.7937893917985679,2.00879148170875,0.1982204593087,0.937193884023294,0.0,1.0,1.0,45.0,44.29,275.0,0.24,1.83548515212653,1.64697706738967,1.62603687008326,0.0,6.0
159.0,0.4056489317944171,0.730033581544751,2.25255082560889,0.298687109296492,0.8859817969060451,0.0,1.0,1.0,60.0,58.81,371.0,0.49,3.017022453472,2.88692479073906,3.0372990625059404,0.0,3.0
81.0,0.458143298861139,0.75691059372067,2.1883536299262603,0.232597748645663,0.92262439326525,0.0,1.0,1.0,50.0,49.33,259.0,0.18,1.55805674696786,1.46835718648075,1.51605758816626,0.0,3.0
50.0,0.489723645687875,0.74708264228189,2.43059503463339,0.247316589754995,0.834913301371125,0.0,1.0,1.0,47.5,46.67,338.0,0.39,2.30426520468086,2.3077834948299705,2.37780266537046,0.0,1.0
150.0,0.465693123068844,0.7414327446357339,2.38026855206707,0.262726953943985,0.8589452928861808,0.0,1.0,1.0,55.0,54.23,335.0,0.35,2.2478454723733,2.2258289580737403,2.30163809044867,0.0,1.0
127.0,0.44024421710868,0.747987912515334,2.26267113772296,0.267776293656407,0.885447828994282,0.0,1.0,1.0,55.0,53.81,360.0,0.5,3.082897377975589,2.7155807088516,2.77314315941961,0.0,6.0
168.0,0.465011898765248,0.7244801854669269,2.4628567118042497,0.28869526688018604,0.802749216571395,0.0,1.0,1.0,57.5,56.48,370.0,0.48,2.89963811143951,2.87497446149715,2.9857362744602503,0.0,1.0
191.0,0.389688708024622,0.745123168859812,2.14473874721822,0.278917038126282,0.919949119655997,0.0,1.0,1.0,60.0,59.06,342.0,0.4,2.71245545302376,2.40016702187005,2.4020423014826,0.0,6.0
19.0,0.465274323756115,0.772701984298696,2.1656988336362,0.22271231770983305,0.9238381015480708,0.0,1.0,1.0,45.0,44.15,309.0,0.31,2.19836469585848,1.96756623361078,1.97243920031332,0.0,6.0
29.0,0.471676336049749,0.775518434073178,2.13158816338761,0.212103650420585,0.9486752753869592,0.0,1.0,1.0,45.0,44.35,259.0,0.2,1.56894193122431,1.48349074724105,1.5415416857093602,0.0,3.0
65.0,0.49588903306181,0.7789132602193422,2.17267249411598,0.20665536602981,0.935362928035614,0.0,1.0,1.0,47.5,46.97,232.0,0.15,1.36193968014516,1.37736704198241,1.3837664771052098,0.0,1.0
